<?xml version="1.0" standalone="yes"?>
<NewDataSet>
  <Table1>
    <X>8</X>
    <Y>11</Y>
    <Type>page</Type>
    <Alignment>1</Alignment>
  </Table1>
  <Table1>
    <Label>Pack Type</Label>
    <X>9</X>
    <Y>136</Y>
    <Width>73</Width>
    <Height>27</Height>
    <Type />
    <FontSize>9</FontSize>
    <FontFamily>[FontFamily: Name=Arial]</FontFamily>
    <FontTipe>1</FontTipe>
    <Alignment>Left</Alignment>
  </Table1>
  <Table1>
    <Label>#BKTYPE#</Label>
    <X>88</X>
    <Y>132</Y>
    <Width>126</Width>
    <Height>36</Height>
    <Type />
    <FontSize>9</FontSize>
    <FontFamily>[FontFamily: Name=Arial]</FontFamily>
    <FontTipe>1</FontTipe>
    <Alignment>Left</Alignment>
  </Table1>
  <Table1>
    <Label>:</Label>
    <X>77</X>
    <Y>136</Y>
    <Width>23</Width>
    <Height>26</Height>
    <Type />
    <FontSize>11</FontSize>
    <FontFamily>[FontFamily: Name=Arial]</FontFamily>
    <FontTipe>1</FontTipe>
    <Alignment>Left</Alignment>
  </Table1>
  <Table1>
    <Label>#DESKRIPSI#</Label>
    <X>89</X>
    <Y>103</Y>
    <Width>240</Width>
    <Height>36</Height>
    <Type />
    <FontSize>9</FontSize>
    <FontFamily>[FontFamily: Name=Arial]</FontFamily>
    <FontTipe>1</FontTipe>
    <Alignment>Left</Alignment>
  </Table1>
  <Table1>
    <Label>:</Label>
    <X>76</X>
    <Y>156</Y>
    <Width>23</Width>
    <Height>26</Height>
    <Type />
    <FontSize>11</FontSize>
    <FontFamily>[FontFamily: Name=Arial]</FontFamily>
    <FontTipe>1</FontTipe>
    <Alignment>Left</Alignment>
  </Table1>
  <Table1>
    <Label>Qty/Pack</Label>
    <X>9</X>
    <Y>158</Y>
    <Width>73</Width>
    <Height>27</Height>
    <Type />
    <FontSize>9</FontSize>
    <FontFamily>[FontFamily: Name=Arial]</FontFamily>
    <FontTipe>1</FontTipe>
    <Alignment>Left</Alignment>
  </Table1>
  <Table1>
    <Label>#DATE#</Label>
    <X>86</X>
    <Y>177</Y>
    <Width>138</Width>
    <Height>25</Height>
    <Type />
    <FontSize>9</FontSize>
    <FontFamily>[FontFamily: Name=Arial]</FontFamily>
    <FontTipe>1</FontTipe>
    <Alignment>Left</Alignment>
  </Table1>
  <Table1>
    <Label>:</Label>
    <X>75</X>
    <Y>176</Y>
    <Width>23</Width>
    <Height>24</Height>
    <Type />
    <FontSize>11</FontSize>
    <FontFamily>[FontFamily: Name=Arial]</FontFamily>
    <FontTipe>1</FontTipe>
    <Alignment>Left</Alignment>
  </Table1>
  <Table1>
    <Label>Date</Label>
    <X>8</X>
    <Y>178</Y>
    <Width>69</Width>
    <Height>25</Height>
    <Type />
    <FontSize>9</FontSize>
    <FontFamily>[FontFamily: Name=Arial]</FontFamily>
    <FontTipe>1</FontTipe>
    <Alignment>Left</Alignment>
  </Table1>
  <Table1>
    <Label>#QTY#</Label>
    <X>88</X>
    <Y>159</Y>
    <Width>107</Width>
    <Height>27</Height>
    <Type />
    <FontSize>9</FontSize>
    <FontFamily>[FontFamily: Name=Arial]</FontFamily>
    <FontTipe>1</FontTipe>
    <Alignment>Left</Alignment>
  </Table1>
  <Table1>
    <Label>#KODE#</Label>
    <X>88</X>
    <Y>87</Y>
    <Width>239</Width>
    <Height>32</Height>
    <Type />
    <FontSize>9</FontSize>
    <FontFamily>[FontFamily: Name=Arial]</FontFamily>
    <FontTipe>1</FontTipe>
    <Alignment>Left</Alignment>
  </Table1>
  <Table1>
    <Label>FO/PPIC/PPC/067 R:0</Label>
    <X>212</X>
    <Y>26</Y>
    <Width>119</Width>
    <Height>23</Height>
    <Type />
    <FontSize>7</FontSize>
    <FontFamily>[FontFamily: Name=Times New Roman]</FontFamily>
    <FontTipe>0</FontTipe>
    <Alignment>Center</Alignment>
  </Table1>
  <Table1>
    <Label>#BARCODE#</Label>
    <X>238</X>
    <Y>137</Y>
    <Width>71</Width>
    <Height>71</Height>
    <Type>barcodeQR</Type>
    <FontSize>8.25</FontSize>
    <FontFamily>[FontFamily: Name=Microsoft Sans Serif]</FontFamily>
    <FontTipe>0</FontTipe>
    <Alignment>Center</Alignment>
  </Table1>
  <Table1>
    <Label>#BARCODE#</Label>
    <X>212</X>
    <Y>209</Y>
    <Width>121</Width>
    <Height>18</Height>
    <Type />
    <FontSize>6</FontSize>
    <FontFamily>[FontFamily: Name=Arial]</FontFamily>
    <FontTipe>0</FontTipe>
    <Alignment>Center</Alignment>
  </Table1>
  <Table1>
    <Label />
    <X>0</X>
    <Y>227</Y>
    <Width>334</Width>
    <Height>3</Height>
    <Type>linehorizontal</Type>
    <FontSize>8.25</FontSize>
    <FontFamily>[FontFamily: Name=Microsoft Sans Serif]</FontFamily>
    <FontTipe>0</FontTipe>
    <Alignment>Center</Alignment>
  </Table1>
  <Table1>
    <Label>:</Label>
    <X>77</X>
    <Y>107</Y>
    <Width>23</Width>
    <Height>28</Height>
    <Type />
    <FontSize>11</FontSize>
    <FontFamily>[FontFamily: Name=Arial]</FontFamily>
    <FontTipe>1</FontTipe>
    <Alignment>Left</Alignment>
  </Table1>
  <Table1>
    <Label>Part Name</Label>
    <X>9</X>
    <Y>107</Y>
    <Width>80</Width>
    <Height>29</Height>
    <Type />
    <FontSize>9</FontSize>
    <FontFamily>[FontFamily: Name=Arial]</FontFamily>
    <FontTipe>1</FontTipe>
    <Alignment>Left</Alignment>
  </Table1>
  <Table1>
    <Label>:</Label>
    <X>78</X>
    <Y>87</Y>
    <Width>24</Width>
    <Height>27</Height>
    <Type />
    <FontSize>11</FontSize>
    <FontFamily>[FontFamily: Name=Arial]</FontFamily>
    <FontTipe>1</FontTipe>
    <Alignment>Left</Alignment>
  </Table1>
  <Table1>
    <Label>Material</Label>
    <X>9</X>
    <Y>87</Y>
    <Width>85</Width>
    <Height>29</Height>
    <Type />
    <FontSize>9</FontSize>
    <FontFamily>[FontFamily: Name=Arial]</FontFamily>
    <FontTipe>1</FontTipe>
    <Alignment>Left</Alignment>
  </Table1>
  <Table1>
    <Label />
    <X>0</X>
    <Y>25</Y>
    <Width>3</Width>
    <Height>201</Height>
    <Type>linevertical</Type>
    <FontSize>8.25</FontSize>
    <FontFamily>[FontFamily: Name=Microsoft Sans Serif]</FontFamily>
    <FontTipe>0</FontTipe>
    <Alignment>Center</Alignment>
  </Table1>
  <Table1>
    <Label />
    <X>334</X>
    <Y>25</Y>
    <Width>3</Width>
    <Height>205</Height>
    <Type>linevertical</Type>
    <FontSize>8.25</FontSize>
    <FontFamily>[FontFamily: Name=Microsoft Sans Serif]</FontFamily>
    <FontTipe>0</FontTipe>
    <Alignment>Center</Alignment>
  </Table1>
  <Table1>
    <Label />
    <X>8</X>
    <Y>28</Y>
    <Width>124</Width>
    <Height>56</Height>
    <Type>logo</Type>
    <FontSize>8.25</FontSize>
    <FontFamily>[FontFamily: Name=Microsoft Sans Serif]</FontFamily>
    <FontTipe>0</FontTipe>
    <Alignment>Center</Alignment>
  </Table1>
  <Table1>
    <Label />
    <X>0</X>
    <Y>23</Y>
    <Width>336</Width>
    <Height>3</Height>
    <Type>linehorizontal</Type>
    <FontSize>8.25</FontSize>
    <FontFamily>[FontFamily: Name=Microsoft Sans Serif]</FontFamily>
    <FontTipe>0</FontTipe>
    <Alignment>Center</Alignment>
  </Table1>
</NewDataSet>