<?xml version="1.0" standalone="yes"?>
<NewDataSet>
  <Table1>
    <X>30</X>
    <Y>15</Y>
    <Type>page</Type>
  </Table1>
  <Table1>
    <Label>#BKOUT#</Label>
    <X>13</X>
    <Y>511</Y>
    <Width>919</Width>
    <Height>34</Height>
    <Type />
    <FontSize>12</FontSize>
    <FontFamily>[FontFamily: Name=Microsoft Sans Serif]</FontFamily>
    <FontTipe>0</FontTipe>
    <Alignment>Left</Alignment>
  </Table1>
  <Table1>
    <Label>#PRINTEDBY#</Label>
    <X>452</X>
    <Y>152</Y>
    <Width>211</Width>
    <Height>34</Height>
    <Type />
    <FontSize>12</FontSize>
    <FontFamily>[FontFamily: Name=Microsoft Sans Serif]</FontFamily>
    <FontTipe>0</FontTipe>
    <Alignment>Center</Alignment>
  </Table1>
  <Table1>
    <Label />
    <X>12</X>
    <Y>19</Y>
    <Width>163</Width>
    <Height>54</Height>
    <Type>logo</Type>
    <FontSize>8.25</FontSize>
    <FontFamily>[FontFamily: Name=Microsoft Sans Serif]</FontFamily>
    <FontTipe>0</FontTipe>
    <Alignment>Center</Alignment>
  </Table1>
  <Table1>
    <Label>#DETAILDN#{
C1:50,C2:200,C3:600,C4:100,C5:100,
Margin:10,
HeaderHeight:50,
RowHeight:30,
HeaderSize:12,
RowSize:9}</Label>
    <X>11</X>
    <Y>195</Y>
    <Width>1140</Width>
    <Height>303</Height>
    <Type />
    <FontSize>12</FontSize>
    <FontFamily>[FontFamily: Name=Microsoft Sans Serif]</FontFamily>
    <FontTipe>0</FontTipe>
    <Alignment>Center</Alignment>
  </Table1>
  <Table1>
    <Label>#BARCODE#</Label>
    <X>849</X>
    <Y>152</Y>
    <Width>296</Width>
    <Height>27</Height>
    <Type />
    <FontSize>10</FontSize>
    <FontFamily>[FontFamily: Name=Microsoft Sans Serif]</FontFamily>
    <FontTipe>0</FontTipe>
    <Alignment>Center</Alignment>
  </Table1>
  <Table1>
    <Label>#BARCODE#</Label>
    <X>850</X>
    <Y>98</Y>
    <Width>296</Width>
    <Height>51</Height>
    <Type>barcode128</Type>
    <FontSize>8.25</FontSize>
    <FontFamily>[FontFamily: Name=Microsoft Sans Serif]</FontFamily>
    <FontTipe>0</FontTipe>
    <Alignment>Center</Alignment>
  </Table1>
  <Table1>
    <Label>#DATE#</Label>
    <X>604</X>
    <Y>118</Y>
    <Width>198</Width>
    <Height>27</Height>
    <Type />
    <FontSize>12</FontSize>
    <FontFamily>[FontFamily: Name=Microsoft Sans Serif]</FontFamily>
    <FontTipe>0</FontTipe>
    <Alignment>Left</Alignment>
  </Table1>
  <Table1>
    <Label>#PAGE#</Label>
    <X>999</X>
    <Y>545</Y>
    <Width>151</Width>
    <Height>35</Height>
    <Type />
    <FontSize>12</FontSize>
    <FontFamily>[FontFamily: Name=Microsoft Sans Serif]</FontFamily>
    <FontTipe>0</FontTipe>
    <Alignment>Center</Alignment>
  </Table1>
  <Table1>
    <Label>DN Number : </Label>
    <X>19</X>
    <Y>90</Y>
    <Width>155</Width>
    <Height>27</Height>
    <Type />
    <FontSize>12</FontSize>
    <FontFamily>[FontFamily: Name=Microsoft Sans Serif]</FontFamily>
    <FontTipe>0</FontTipe>
    <Alignment>Right</Alignment>
  </Table1>
  <Table1>
    <Label>Driver :</Label>
    <X>19</X>
    <Y>144</Y>
    <Width>155</Width>
    <Height>27</Height>
    <Type />
    <FontSize>12</FontSize>
    <FontFamily>[FontFamily: Name=Microsoft Sans Serif]</FontFamily>
    <FontTipe>0</FontTipe>
    <Alignment>Right</Alignment>
  </Table1>
  <Table1>
    <Label>#DRIVER#</Label>
    <X>176</X>
    <Y>144</Y>
    <Width>211</Width>
    <Height>27</Height>
    <Type />
    <FontSize>12</FontSize>
    <FontFamily>[FontFamily: Name=Microsoft Sans Serif]</FontFamily>
    <FontTipe>0</FontTipe>
    <Alignment>Left</Alignment>
  </Table1>
  <Table1>
    <Label>#VENDORID#</Label>
    <X>176</X>
    <Y>118</Y>
    <Width>211</Width>
    <Height>27</Height>
    <Type />
    <FontSize>12</FontSize>
    <FontFamily>[FontFamily: Name=Microsoft Sans Serif]</FontFamily>
    <FontTipe>0</FontTipe>
    <Alignment>Left</Alignment>
  </Table1>
  <Table1>
    <Label>Vendor ID : </Label>
    <X>19</X>
    <Y>118</Y>
    <Width>155</Width>
    <Height>27</Height>
    <Type />
    <FontSize>12</FontSize>
    <FontFamily>[FontFamily: Name=Microsoft Sans Serif]</FontFamily>
    <FontTipe>0</FontTipe>
    <Alignment>Right</Alignment>
  </Table1>
  <Table1>
    <Label>#DNNUMBER#</Label>
    <X>176</X>
    <Y>90</Y>
    <Width>211</Width>
    <Height>27</Height>
    <Type />
    <FontSize>12</FontSize>
    <FontFamily>[FontFamily: Name=Microsoft Sans Serif]</FontFamily>
    <FontTipe>0</FontTipe>
    <Alignment>Left</Alignment>
  </Table1>
  <Table1>
    <Label>PTV Number : </Label>
    <X>447</X>
    <Y>90</Y>
    <Width>155</Width>
    <Height>27</Height>
    <Type />
    <FontSize>12</FontSize>
    <FontFamily>[FontFamily: Name=Microsoft Sans Serif]</FontFamily>
    <FontTipe>0</FontTipe>
    <Alignment>Right</Alignment>
  </Table1>
  <Table1>
    <Label>#PTVNUMBER#</Label>
    <X>604</X>
    <Y>90</Y>
    <Width>198</Width>
    <Height>27</Height>
    <Type />
    <FontSize>12</FontSize>
    <FontFamily>[FontFamily: Name=Microsoft Sans Serif]</FontFamily>
    <FontTipe>0</FontTipe>
    <Alignment>Left</Alignment>
  </Table1>
  <Table1>
    <Label>Date :</Label>
    <X>447</X>
    <Y>118</Y>
    <Width>155</Width>
    <Height>27</Height>
    <Type />
    <FontSize>12</FontSize>
    <FontFamily>[FontFamily: Name=Microsoft Sans Serif]</FontFamily>
    <FontTipe>0</FontTipe>
    <Alignment>Right</Alignment>
  </Table1>
  <Table1>
    <Label>DELIVERY NOTE</Label>
    <X>181</X>
    <Y>11</Y>
    <Width>966</Width>
    <Height>72</Height>
    <Type />
    <FontSize>22</FontSize>
    <FontFamily>[FontFamily: Name=Presentation]</FontFamily>
    <FontTipe>1</FontTipe>
    <Alignment>Center</Alignment>
  </Table1>
</NewDataSet>