<?xml version="1.0" standalone="yes"?>
<NewDataSet>
  <Table1>
    <Reason>CO</Reason>
  </Table1>
  <Table1>
    <Reason>PJ</Reason>
  </Table1>
  <Table1>
    <Reason>BD</Reason>
  </Table1>
  <Table1>
    <Reason>DH</Reason>
  </Table1>
  <Table1>
    <Reason>OT</Reason>
  </Table1>
  <Table1>
    <Reason>PM</Reason>
  </Table1>
  <Table1>
    <Reason>DC</Reason>
  </Table1>
  <Table1>
    <Reason>WCL</Reason>
  </Table1>
  <Table1>
    <Reason>MPS</Reason>
  </Table1>
</NewDataSet>