<?xml version="1.0" standalone="yes"?>
<NewDataSet>
  <Table>
    <Column1>ActiveMO</Column1>
  </Table>
  <Table>
    <Column1>Admin</Column1>
  </Table>
  <Table>
    <Column1>History</Column1>
  </Table>
  <Table>
    <Column1>HistoryIn</Column1>
  </Table>
  <Table>
    <Column1>HistoryTag</Column1>
  </Table>
  <Table>
    <Column1>LinkUp</Column1>
  </Table>
  <Table>
    <Column1>Nomor</Column1>
  </Table>
  <Table>
    <Column1>Part</Column1>
  </Table>
  <Table>
    <Column1>Reason</Column1>
  </Table>
  <Table>
    <Column1>Register</Column1>
  </Table>
  <Table>
    <Column1>RegisterDetail</Column1>
  </Table>
  <Table>
    <Column1>TipePart</Column1>
  </Table>
  <Table>
    <Column1>Unit</Column1>
  </Table>
</NewDataSet>